participant_id,game_id,horizon,info_condition,mean_diff,mean_diff_bin,opt_A,opt_B,more_informative,human_first_choice,chose_more_inf_human,model,model_name,p_more_inf,model_first_choice,chose_more_inf_model,nll_first_choice
72,135,1,equal,21.0,20,S,V,S,S,1,llama,Llama-3.3-70B-Instruct,0.7948095655055354,S,1,0.22965273326676153
99,60,1,equal,5.5,4,F,T,F,F,1,llama,Llama-3.3-70B-Instruct,0.9781632431550366,F,1,0.022078707584678624
84,80,1,equal,-14.0,-16,O,W,O,W,0,llama,Llama-3.3-70B-Instruct,0.9901401424052352,O,1,4.619283553193513
11,0,1,equal,21.0,20,P,T,P,P,1,llama,Llama-3.3-70B-Instruct,0.9999997761970781,P,1,2.2380294690540437e-07
166,5,1,equal,-5.5,-4,Q,U,Q,U,0,llama,Llama-3.3-70B-Instruct,0.5774953797290153,Q,1,0.8615548966920746
213,106,1,equal,33.0,32,F,I,F,F,1,llama,Llama-3.3-70B-Instruct,0.9997333130137005,F,1,0.0002667225535975308
132,63,1,equal,2.0,0,A,Z,A,Z,0,llama,Llama-3.3-70B-Instruct,1.4754038331570757e-07,Z,0,1.475403941281326e-07
146,104,1,equal,-13.5,-12,A,D,A,D,0,llama,Llama-3.3-70B-Instruct,5.792269288335193e-13,D,0,5.793143742495745e-13
41,44,1,equal,18.5,20,I,T,I,I,1,llama,Llama-3.3-70B-Instruct,0.9999601443808765,I,1,3.98564133797439e-05
83,91,1,equal,6.0,8,H,L,H,H,1,llama,Llama-3.3-70B-Instruct,0.9925778461297556,H,1,0.007449835108944216
60,6,1,equal,10.5,12,O,T,O,O,1,llama,Llama-3.3-70B-Instruct,0.8670357735451835,O,1,0.14267504175502968
141,25,1,equal,25.0,24,N,Z,N,N,1,llama,Llama-3.3-70B-Instruct,0.9999999850840104,N,1,1.491598966585253e-08
80,33,1,equal,11.0,12,H,S,H,H,1,llama,Llama-3.3-70B-Instruct,0.31405054499180746,S,0,1.1582013347168862
8,146,1,equal,2.5,4,F,G,F,F,1,llama,Llama-3.3-70B-Instruct,0.9998955469498237,F,1,0.00010445850577600794
167,59,1,equal,31.0,32,B,P,B,B,1,llama,Llama-3.3-70B-Instruct,0.9925778145136737,B,1,0.007449866961440825
103,20,1,equal,-14.0,-16,O,R,O,R,0,llama,Llama-3.3-70B-Instruct,0.9277132749320901,O,1,2.6271147756948445
96,108,1,equal,-25.0,-24,B,J,B,J,0,llama,Llama-3.3-70B-Instruct,3.876691146060492e-12,J,0,3.876676757393636e-12
160,139,1,equal,-26.0,-24,H,O,H,O,0,llama,Llama-3.3-70B-Instruct,0.4352618955342505,H,1,0.5713931872188536
24,286,1,equal,-26.0,-24,A,M,A,M,0,llama,Llama-3.3-70B-Instruct,9.685672017451464e-10,M,0,9.685672268916399e-10
180,104,1,equal,-13.5,-12,D,L,D,D,1,llama,Llama-3.3-70B-Instruct,0.0009302116219636951,L,0,6.980098447204064
110,64,1,equal,42.5,44,I,T,I,I,1,llama,Llama-3.3-70B-Instruct,0.9999650100385004,I,1,3.499057366262557e-05
176,120,1,equal,23.0,24,C,H,C,C,1,llama,Llama-3.3-70B-Instruct,0.999898231412152,C,1,0.00010177376662214706
20,144,1,equal,-2.0,0,K,V,K,V,0,llama,Llama-3.3-70B-Instruct,0.999982678466865,K,1,10.96356014055713
145,34,1,equal,-27.0,-28,J,R,J,R,0,llama,Llama-3.3-70B-Instruct,0.9976280492739186,J,1,6.044042571215268
192,139,1,equal,26.0,24,L,V,L,L,1,llama,Llama-3.3-70B-Instruct,0.000663239646227634,V,0,7.318374175731471
194,93,1,equal,31.0,32,A,K,A,A,1,llama,Llama-3.3-70B-Instruct,0.005441023749496301,K,0,5.213788046574017
81,49,1,equal,29.5,28,G,K,G,G,1,llama,Llama-3.3-70B-Instruct,0.9999888743540488,G,1,1.1125707841640114e-05
11,145,1,equal,8.0,8,P,T,P,T,0,llama,Llama-3.3-70B-Instruct,0.8892725612223978,P,1,2.200683603878273
184,157,1,equal,-4.0,-4,L,V,L,V,0,llama,Llama-3.3-70B-Instruct,0.9919795435405826,L,1,4.825759943583976
202,52,1,equal,-25.0,-24,G,L,G,L,0,llama,Llama-3.3-70B-Instruct,1.1720402631089838e-05,L,0,1.1720471315654593e-05
129,98,1,equal,33.0,32,Q,Z,Q,Q,1,llama,Llama-3.3-70B-Instruct,0.9999996133032446,Q,1,3.8669683016169846e-07
134,103,1,equal,42.5,44,A,X,A,A,1,llama,Llama-3.3-70B-Instruct,0.9958012044014309,A,1,0.004207635293533924
154,128,1,equal,5.5,4,G,R,G,R,0,llama,Llama-3.3-70B-Instruct,0.012431650350092251,R,0,0.012509569766746746
84,101,1,equal,-3.5,-4,O,W,O,W,0,llama,Llama-3.3-70B-Instruct,0.9511422229358766,O,1,3.0188417102144642
214,4,1,equal,26.0,24,C,V,C,C,1,llama,Llama-3.3-70B-Instruct,0.0011454263851278354,V,0,6.771978322537484
150,63,1,equal,2.0,0,D,V,D,D,1,llama,Llama-3.3-70B-Instruct,7.254362706849408e-05,V,0,9.531322424415299
7,288,1,equal,8.0,8,J,M,J,J,1,llama,Llama-3.3-70B-Instruct,0.002251855797456166,M,0,6.096000603856069
161,20,1,equal,-14.0,-16,R,T,R,T,0,llama,Llama-3.3-70B-Instruct,0.9460677719351579,R,1,2.920027056471158
82,125,1,equal,-6.5,-8,F,S,F,S,0,llama,Llama-3.3-70B-Instruct,0.9999935609637358,F,1,11.953131677454655
185,103,1,equal,42.5,44,C,D,C,D,0,llama,Llama-3.3-70B-Instruct,0.016914909797689066,D,0,0.017059600829126192
108,3,1,equal,13.0,12,G,V,G,G,1,llama,Llama-3.3-70B-Instruct,0.9999963691610021,G,1,3.6308455894152657e-06
29,44,1,equal,-34.0,-32,M,V,M,V,0,llama,Llama-3.3-70B-Instruct,0.0006807272105949541,V,0,0.0006809590105636005
10,181,1,equal,8.5,8,D,L,D,D,1,llama,Llama-3.3-70B-Instruct,0.012431653986087126,L,0,4.387509318266127
166,75,1,equal,-11.0,-12,Q,U,Q,U,0,llama,Llama-3.3-70B-Instruct,0.9998098879410676,Q,1,8.567896875803395
164,8,1,equal,32.0,32,F,G,F,G,0,llama,Llama-3.3-70B-Instruct,0.9999293211017096,F,1,9.55736349792364
22,195,1,equal,23.0,24,G,Y,G,G,1,llama,Llama-3.3-70B-Instruct,0.9343951748725551,G,1,0.06785583079933791
64,31,1,equal,11.5,12,F,X,F,X,0,llama,Llama-3.3-70B-Instruct,0.0281497289468599,X,0,0.028553528513804032
15,255,1,equal,-20.5,-20,I,S,I,S,0,llama,Llama-3.3-70B-Instruct,0.9997468435141408,I,1,8.28150273925954
11,203,1,equal,2.0,0,P,T,P,P,1,llama,Llama-3.3-70B-Instruct,2.1896366796698214e-05,T,0,10.729189834598841
178,3,1,equal,-13.0,-12,U,V,U,U,1,llama,Llama-3.3-70B-Instruct,6.045546183237e-05,V,0,9.713603632092246
111,82,1,unequal,-6.666666666666671,-8,A,K,K,K,1,llama,Llama-3.3-70B-Instruct,0.05393243543978052,A,0,2.9200232113761717
89,148,1,unequal,16.0,16,L,S,S,L,0,llama,Llama-3.3-70B-Instruct,0.08349107756226519,L,0,0.087183476411266
178,89,1,unequal,29.333333333333332,28,U,V,V,V,1,llama,Llama-3.3-70B-Instruct,0.9999978431745226,V,1,2.1568278033909756e-06
184,95,1,unequal,33.333333333333336,32,L,V,V,V,1,llama,Llama-3.3-70B-Instruct,0.9579122698315293,V,1,0.042999081580923054
138,65,1,unequal,-12.333333333333336,-12,L,Q,Q,L,0,llama,Llama-3.3-70B-Instruct,0.09625188642691164,L,0,0.10120459284402339
75,26,1,unequal,-1.6666666666666643,0,L,W,W,L,0,llama,Llama-3.3-70B-Instruct,0.010117374217363737,L,0,0.010168902697790924
48,8,1,unequal,-5.333333333333329,-4,K,X,X,K,0,llama,Llama-3.3-70B-Instruct,0.9999058790815432,X,1,9.270930235793196
58,72,1,unequal,6.333333333333336,8,L,X,L,L,1,llama,Llama-3.3-70B-Instruct,0.9999988455377606,L,1,1.1544629057531532e-06
219,12,1,unequal,-6.666666666666664,-8,I,P,I,I,1,llama,Llama-3.3-70B-Instruct,0.9999346323965731,I,1,6.536973998179945e-05
82,38,1,unequal,26.0,24,F,S,F,F,1,llama,Llama-3.3-70B-Instruct,0.9999999995205262,F,1,4.794737941166534e-10
165,149,1,unequal,-6.0,-8,O,Z,O,Z,0,llama,Llama-3.3-70B-Instruct,0.999771881625605,O,1,8.385645877797012
0,293,1,unequal,-16.0,-16,A,C,C,A,0,llama,Llama-3.3-70B-Instruct,8.823279993389275e-11,A,0,8.823275443992757e-11
112,147,1,unequal,-4.0,-4,E,R,E,R,0,llama,Llama-3.3-70B-Instruct,0.010652510034876425,R,0,0.010709654201413307
167,65,1,unequal,-12.333333333333336,-12,B,P,B,P,0,llama,Llama-3.3-70B-Instruct,0.9989677729617653,B,1,6.876036637829413
165,122,1,unequal,3.6666666666666643,4,O,Z,O,Z,0,llama,Llama-3.3-70B-Instruct,0.9999984626030028,O,1,13.385419833257219
30,153,1,unequal,0.3333333333333357,0,S,U,S,S,1,llama,Llama-3.3-70B-Instruct,0.0015649552801046368,U,0,6.459898030411305
137,44,1,unequal,9.0,8,O,Q,Q,O,0,llama,Llama-3.3-70B-Instruct,0.2709939002254881,O,0,0.3160731796909101
11,65,1,unequal,29.666666666666664,28,P,T,P,P,1,llama,Llama-3.3-70B-Instruct,0.9903911753996902,P,1,0.009655287229131929
89,157,1,unequal,-15.666666666666664,-16,L,S,L,S,0,llama,Llama-3.3-70B-Instruct,1.547754171991454e-09,S,0,1.5477541482665297e-09
130,19,1,unequal,12.333333333333336,12,C,K,C,K,0,llama,Llama-3.3-70B-Instruct,0.9999786664165201,C,1,10.75522803772338
122,66,1,unequal,-13.333333333333329,-12,F,L,F,L,0,llama,Llama-3.3-70B-Instruct,0.9997333130137005,F,1,8.229434923244362
162,65,1,unequal,-12.333333333333336,-12,J,L,L,J,0,llama,Llama-3.3-70B-Instruct,0.8840392725805823,L,1,2.154503701928198
113,96,1,unequal,-22.0,-24,T,Y,Y,T,0,llama,Llama-3.3-70B-Instruct,7.726615203741339e-06,T,0,7.726645054096492e-06
41,2,1,unequal,-18.0,-16,I,T,T,T,1,llama,Llama-3.3-70B-Instruct,0.015267131543224271,I,0,4.182053026564175
4,179,1,unequal,31.666666666666664,32,T,V,T,T,1,llama,Llama-3.3-70B-Instruct,0.9875683460139129,T,1,0.01250957344851201
17,97,1,unequal,17.333333333333332,16,L,V,V,V,1,llama,Llama-3.3-70B-Instruct,0.9996448826213621,V,1,0.00035518044774595286
81,100,1,unequal,-5.333333333333336,-4,G,K,G,K,0,llama,Llama-3.3-70B-Instruct,0.8031737940012417,K,0,1.6254341426662688
176,124,1,unequal,-4.0,-4,C,H,C,H,0,llama,Llama-3.3-70B-Instruct,0.0010322309718113056,H,0,0.0010327640890992079
171,120,1,unequal,-4.0,-4,F,S,F,F,1,llama,Llama-3.3-70B-Instruct,0.9999995111699557,F,1,4.888301638092012e-07
17,90,1,unequal,-11.333333333333329,-12,L,V,L,V,0,llama,Llama-3.3-70B-Instruct,0.940498812100193,L,1,2.821759001927208
110,12,1,unequal,-6.666666666666664,-8,I,T,T,I,0,llama,Llama-3.3-70B-Instruct,0.016914909797689066,I,0,0.017059600829126192
26,157,1,unequal,25.333333333333336,24,E,O,E,E,1,llama,Llama-3.3-70B-Instruct,0.9999960741117642,E,1,3.925895942153342e-06
147,31,1,unequal,16.666666666666664,16,I,O,I,I,1,llama,Llama-3.3-70B-Instruct,0.803173801068221,I,1,0.219184148768613
9,256,1,unequal,12.666666666666668,12,O,X,O,O,1,llama,Llama-3.3-70B-Instruct,0.9999999991715438,O,1,8.28456192879634e-10
169,147,1,unequal,-4.0,-4,C,Q,Q,C,0,llama,Llama-3.3-70B-Instruct,0.016914909797689066,C,0,0.017059600829126192
86,129,1,unequal,-4.666666666666671,-4,G,M,G,M,0,llama,Llama-3.3-70B-Instruct,0.0009302148340807505,M,0,0.000930647752391795
97,163,1,unequal,-3.6666666666666643,-4,K,Q,Q,Q,1,llama,Llama-3.3-70B-Instruct,0.9812628441198487,Q,1,0.018914920422295915
184,90,1,unequal,-2.0,0,L,V,V,L,0,llama,Llama-3.3-70B-Instruct,0.9718503787760011,V,1,3.5702213801175557
3,228,1,unequal,20.333333333333336,20,C,S,C,C,1,llama,Llama-3.3-70B-Instruct,0.8479677602988601,C,1,0.1649126624284512
112,158,1,unequal,-34.33333333333333,-36,E,R,E,R,0,llama,Llama-3.3-70B-Instruct,0.3973143860831922,E,1,0.5063595881710686
14,59,1,unequal,6.0,8,J,L,J,L,0,llama,Llama-3.3-70B-Instruct,0.999898231412152,J,1,9.192809068772297
134,147,1,unequal,-4.0,-4,A,X,X,X,1,llama,Llama-3.3-70B-Instruct,0.9960134396596748,X,1,0.00399452785436542
169,124,1,unequal,4.0,4,C,Q,Q,C,0,llama,Llama-3.3-70B-Instruct,0.9999769330270293,Q,1,10.67710870501789
115,44,1,unequal,9.0,8,P,R,R,R,1,llama,Llama-3.3-70B-Instruct,0.9999999869050995,R,1,1.3094900583017337e-08
33,114,1,unequal,-36.0,-36,Q,Z,Z,Q,0,llama,Llama-3.3-70B-Instruct,2.297070885360661e-07,Q,0,2.2970711495529442e-07
4,90,1,unequal,28.0,28,T,V,V,T,0,llama,Llama-3.3-70B-Instruct,0.9999976679243621,V,1,12.968751855238244
41,15,1,unequal,2.6666666666666643,4,I,T,T,T,1,llama,Llama-3.3-70B-Instruct,0.9999935609637358,T,1,6.4390569948660695e-06
110,65,1,unequal,-12.333333333333336,-12,I,T,I,T,0,llama,Llama-3.3-70B-Instruct,0.9996059108915629,I,1,7.838933510691318
216,82,1,unequal,-6.666666666666671,-8,A,Z,A,Z,0,llama,Llama-3.3-70B-Instruct,3.9258737278270515e-06,Z,0,3.925881434034966e-06
24,224,1,unequal,-27.33333333333333,-28,A,M,M,A,0,llama,Llama-3.3-70B-Instruct,0.9999999588156333,M,1,17.005207102951946
151,76,6,equal,29.5,28,H,U,H,H,1,llama,Llama-3.3-70B-Instruct,0.9999974118957196,H,1,2.588107629590866e-06
25,3,6,equal,-11.5,-12,O,X,O,X,0,llama,Llama-3.3-70B-Instruct,0.020751477957765205,X,0,0.020969815712561485
84,8,6,equal,20.0,20,O,W,O,O,1,llama,Llama-3.3-70B-Instruct,0.9999999947366598,O,1,5.263340221968404e-09
160,141,6,equal,10.0,8,H,O,H,O,0,llama,Llama-3.3-70B-Instruct,0.9999995595258547,H,1,14.635414087172126
21,297,6,equal,28.0,28,Q,Y,Q,Q,1,llama,Llama-3.3-70B-Instruct,0.9984752135614519,Q,1,0.0015259501084388728
212,54,6,equal,-14.5,-16,P,R,P,R,0,llama,Llama-3.3-70B-Instruct,1.5206840372447394e-05,R,0,1.5206955997652909e-05
137,53,6,equal,2.0,0,O,Q,O,Q,0,llama,Llama-3.3-70B-Instruct,0.9986258475852946,O,1,6.589918163600823
84,88,6,equal,17.5,16,O,W,O,W,0,llama,Llama-3.3-70B-Instruct,0.42250462027098473,W,0,0.5490548370874299
128,62,6,equal,1.5,0,D,O,D,D,1,llama,Llama-3.3-70B-Instruct,0.00040448155501890675,O,0,7.812904421964236
145,131,6,equal,6.0,8,J,R,J,R,0,llama,Llama-3.3-70B-Instruct,0.9999999985685559,J,1,20.364582063199023
150,30,6,equal,-15.0,-16,D,V,D,V,0,llama,Llama-3.3-70B-Instruct,0.9703898906460631,D,1,3.5196394437333796
117,131,6,equal,-15.0,-16,D,V,D,D,1,llama,Llama-3.3-70B-Instruct,0.039048294403658645,V,0,3.2429560808933773
37,31,6,equal,-0.5,0,U,Y,U,Y,0,llama,Llama-3.3-70B-Instruct,0.12707390860479048,Y,0,0.13590438721302306
95,19,6,equal,-13.5,-12,O,U,O,U,0,llama,Llama-3.3-70B-Instruct,0.015267193094145492,U,0,0.015384936632759107
76,127,6,equal,27.0,28,G,X,G,G,1,llama,Llama-3.3-70B-Instruct,0.9703899969366706,G,1,0.030057229591050248
196,42,6,equal,5.0,4,B,O,B,B,1,llama,Llama-3.3-70B-Instruct,0.3973152852617385,B,1,0.9230251440555877
48,49,6,equal,-3.0,-4,K,X,K,X,0,llama,Llama-3.3-70B-Instruct,0.27099461262976005,X,0,0.31607415691815166
49,11,6,equal,25.0,24,A,F,A,A,1,llama,Llama-3.3-70B-Instruct,8.934514032023699e-05,F,0,9.32300370709107
2,122,6,equal,-8.0,-8,B,E,B,E,0,llama,Llama-3.3-70B-Instruct,0.9999008468901522,B,1,9.218845338410029
210,57,6,equal,23.0,24,H,T,H,H,1,llama,Llama-3.3-70B-Instruct,0.998263538763404,H,1,0.0017379706330010697
155,25,6,equal,16.0,16,M,R,M,M,1,llama,Llama-3.3-70B-Instruct,0.9999999588157905,M,1,4.118421033524685e-08
147,30,6,equal,-15.0,-16,I,O,I,O,0,llama,Llama-3.3-70B-Instruct,0.01275547745067966,O,0,0.012837527020872956
165,57,6,equal,23.0,24,O,Z,O,Z,0,llama,Llama-3.3-70B-Instruct,0.9983515171738705,O,1,6.407899913383895
151,36,6,equal,-1.5,0,H,U,H,H,1,llama,Llama-3.3-70B-Instruct,0.9998286918653069,H,1,0.00017132280960761143
128,154,6,equal,37.0,36,D,O,D,D,1,llama,Llama-3.3-70B-Instruct,0.007048171685921413,O,0,4.954987031121478
197,40,6,equal,-15.0,-16,C,F,C,F,0,llama,Llama-3.3-70B-Instruct,0.011508151490434304,F,0,0.011574882728617175
56,4,6,equal,-29.5,-28,H,V,H,V,0,llama,Llama-3.3-70B-Instruct,0.9993703980969209,H,1,7.370422838185941
134,17,6,equal,-16.0,-16,A,X,A,X,0,llama,Llama-3.3-70B-Instruct,0.0002809418569967054,X,0,0.00028098132855316257
39,119,6,equal,-12.0,-12,I,P,I,I,1,llama,Llama-3.3-70B-Instruct,0.027445952650510277,P,0,3.5955365663234504
9,266,6,equal,-1.0,0,O,X,O,X,0,llama,Llama-3.3-70B-Instruct,0.002137812690879905,X,0,0.0021401010744359194
160,148,6,equal,12.0,12,H,O,H,O,0,llama,Llama-3.3-70B-Instruct,0.9999891603473472,H,1,11.432299605559573
11,245,6,equal,-2.5,-4,P,T,P,P,1,llama,Llama-3.3-70B-Instruct,0.046493405904333276,T,0,3.0684447849535657
11,299,6,equal,-12.0,-12,P,T,P,T,0,llama,Llama-3.3-70B-Instruct,1.7778545508016703e-05,T,0,1.7778703548320325e-05
185,15,6,equal,-23.0,-24,C,D,C,C,1,llama,Llama-3.3-70B-Instruct,4.888300442438858e-07,D,0,14.531250965667208
87,128,6,equal,-11.5,-12,Q,Y,Q,Q,1,llama,Llama-3.3-70B-Instruct,8.43194254945845e-14,Y,0,20.72326583694641
37,139,6,equal,20.5,20,U,Y,U,Y,0,llama,Llama-3.3-70B-Instruct,0.9999590928277606,U,1,10.104205149916671
17,101,6,equal,-3.5,-4,L,V,L,V,0,llama,Llama-3.3-70B-Instruct,0.9557615477056922,L,1,3.1181609066859037
108,58,6,equal,2.5,4,G,V,G,V,0,llama,Llama-3.3-70B-Instruct,0.9992042410412297,G,1,7.136214233592924
15,262,6,equal,-43.0,-44,I,S,I,S,0,llama,Llama-3.3-70B-Instruct,6.536760342689259e-05,S,0,6.536973998179945e-05
38,48,6,equal,-19.5,-20,L,P,L,P,0,llama,Llama-3.3-70B-Instruct,0.02675928022637694,P,0,0.027123827832565624
95,58,6,equal,2.5,4,O,U,O,O,1,llama,Llama-3.3-70B-Instruct,0.999759687989066,O,1,0.00024034089049212494
173,26,6,equal,18.5,20,C,Q,C,Q,0,llama,Llama-3.3-70B-Instruct,0.9999998770461882,C,1,15.911457065512094
86,13,6,equal,-7.0,-8,G,M,G,G,1,llama,Llama-3.3-70B-Instruct,0.09181537738801793,M,0,2.387975485710473
116,57,6,equal,-23.0,-24,C,N,C,N,0,llama,Llama-3.3-70B-Instruct,0.00011897703199647636,N,0,0.0001189841103251081
168,1,6,equal,-8.0,-8,I,Y,I,I,1,llama,Llama-3.3-70B-Instruct,0.4352609724989961,I,1,0.8318094910042763
10,129,6,equal,-20.5,-20,D,L,D,L,0,llama,Llama-3.3-70B-Instruct,0.0001320374011807317,L,0,0.00013204611888576818
85,172,6,equal,-18.0,-16,F,S,F,F,1,llama,Llama-3.3-70B-Instruct,8.897779077457589e-07,S,0,13.932293947219675
161,121,6,equal,-5.0,-4,R,T,R,T,0,llama,Llama-3.3-70B-Instruct,0.012431653986087126,T,0,0.01250957344851201
62,102,6,equal,16.0,16,G,S,G,G,1,llama,Llama-3.3-70B-Instruct,0.9987934102717598,G,1,0.0012073182436981246
80,97,6,equal,19.5,20,H,S,H,S,0,llama,Llama-3.3-70B-Instruct,0.9999008472683532,H,1,9.218849152729057
13,103,6,unequal,32.333333333333336,32,B,Y,Y,Y,1,llama,Llama-3.3-70B-Instruct,0.3973143860831922,Y,1,0.9230274071942011
218,130,6,unequal,3.6666666666666643,4,L,X,X,X,1,llama,Llama-3.3-70B-Instruct,0.8670357701094303,X,1,0.14267504571767256
44,134,6,unequal,-6.0,-8,F,O,F,F,1,llama,Llama-3.3-70B-Instruct,0.002771988836189107,O,0,5.888190225011397
214,34,6,unequal,-15.666666666666671,-16,C,V,C,V,0,llama,Llama-3.3-70B-Instruct,0.19682620599875825,V,0,0.21918415756742995
51,65,6,unequal,4.0,4,J,R,R,J,0,llama,Llama-3.3-70B-Instruct,0.03275431171417655,J,0,0.03330274311543224
135,142,6,unequal,-2.6666666666666643,-4,M,T,T,T,1,llama,Llama-3.3-70B-Instruct,1.2619795006366388e-07,M,0,15.885414130523811
1,56,6,unequal,13.333333333333336,12,B,U,U,U,1,llama,Llama-3.3-70B-Instruct,0.8785920305757229,U,1,0.12943461807603837
50,131,6,unequal,2.6666666666666643,4,F,I,F,F,1,llama,Llama-3.3-70B-Instruct,0.8892729361095183,F,1,0.11735107584125094
199,97,6,unequal,-2.6666666666666643,-4,B,Z,Z,B,0,llama,Llama-3.3-70B-Instruct,0.004657619642223356,B,0,0.004668500150581193
52,16,6,unequal,3.6666666666666643,4,D,N,N,N,1,llama,Llama-3.3-70B-Instruct,0.6513548782017746,N,1,0.42870065749564945
13,136,6,unequal,-24.333333333333336,-24,B,Y,Y,B,0,llama,Llama-3.3-70B-Instruct,4.5898067037651816e-06,B,0,4.589817237009167e-06
42,138,6,unequal,4.333333333333332,4,Q,R,Q,Q,1,llama,Llama-3.3-70B-Instruct,7.224412208046386e-07,R,0,14.140629775557043
178,73,6,unequal,32.33333333333333,32,U,V,V,V,1,llama,Llama-3.3-70B-Instruct,0.9998048736931751,V,1,0.0001951453464395452
211,97,6,unequal,-2.6666666666666643,-4,M,T,M,T,0,llama,Llama-3.3-70B-Instruct,0.017803191631548608,T,0,0.01796357485442523
163,13,6,unequal,-2.0,0,F,L,L,F,0,llama,Llama-3.3-70B-Instruct,0.999020106089916,L,1,6.92806624717595
130,34,6,unequal,-15.666666666666671,-16,C,K,C,C,1,llama,Llama-3.3-70B-Instruct,0.018264278184864407,K,0,4.002808138548671
86,119,6,unequal,-19.0,-20,G,M,M,G,0,llama,Llama-3.3-70B-Instruct,0.998073258323955,M,1,6.251924953520518
176,158,6,unequal,11.333333333333336,12,C,H,H,C,0,llama,Llama-3.3-70B-Instruct,0.9999980052624313,H,1,13.124998060830956
64,26,6,unequal,6.666666666666664,8,F,X,F,F,1,llama,Llama-3.3-70B-Instruct,0.9998679619850394,F,1,0.00013204673274673674
108,39,6,unequal,-2.0,0,G,V,G,G,1,llama,Llama-3.3-70B-Instruct,0.9599628098642271,G,1,0.040860734995421075
14,229,6,unequal,11.666666666666664,12,J,L,L,L,1,llama,Llama-3.3-70B-Instruct,0.00029595724992756336,J,0,8.125295539991034
127,18,6,unequal,-32.66666666666667,-32,L,Z,Z,L,0,llama,Llama-3.3-70B-Instruct,6.9330913350451e-08,L,0,6.933091574710043e-08
152,108,6,unequal,14.0,16,N,V,V,V,1,llama,Llama-3.3-70B-Instruct,0.841130551298375,V,1,0.1730083976459763
36,110,6,unequal,-11.0,-12,C,T,C,T,0,llama,Llama-3.3-70B-Instruct,0.9869123753008456,C,1,4.336088174719749
109,125,6,unequal,-7.0,-8,Q,Y,Q,Y,0,llama,Llama-3.3-70B-Instruct,1.7292587852313e-12,Y,0,1.729283383157639e-12
33,49,6,unequal,0.6666666666666643,0,Q,Z,Q,Z,0,llama,Llama-3.3-70B-Instruct,0.1454388714865604,Z,0,0.15716724181319322
31,86,6,unequal,26.0,24,N,T,N,N,1,llama,Llama-3.3-70B-Instruct,0.9999999100450666,N,1,8.99549374369796e-08
205,22,6,unequal,-31.333333333333336,-32,M,P,M,P,0,llama,Llama-3.3-70B-Instruct,0.9987289851570123,M,1,6.6679396086465434
81,54,6,unequal,-9.333333333333336,-8,G,K,G,K,0,llama,Llama-3.3-70B-Instruct,0.2608282808533582,G,1,0.302225018116739
47,80,6,unequal,24.333333333333336,24,Y,Z,Z,Z,1,llama,Llama-3.3-70B-Instruct,0.9999975432394808,Z,1,2.4567635370837738e-06
139,13,6,unequal,-2.0,0,K,Y,K,K,1,llama,Llama-3.3-70B-Instruct,0.004905404691940803,Y,0,5.317417683366041
42,21,6,unequal,-8.0,-8,Q,R,R,R,1,llama,Llama-3.3-70B-Instruct,0.9998195349133221,R,1,0.00018048137246103342
173,28,6,unequal,-7.0,-8,C,Q,C,Q,0,llama,Llama-3.3-70B-Instruct,0.006692851899443853,Q,0,0.0067153494708475795
4,228,6,unequal,30.666666666666668,32,T,V,T,T,1,llama,Llama-3.3-70B-Instruct,0.9999961750336448,T,1,3.8249736704061474e-06
197,78,6,unequal,5.0,4,C,F,C,C,1,llama,Llama-3.3-70B-Instruct,2.3320756378691364e-06,F,0,12.968751855238244
110,35,6,unequal,13.0,12,I,T,T,T,1,llama,Llama-3.3-70B-Instruct,0.9998644791969785,T,1,0.00013552998679524617
17,163,6,unequal,-13.0,-12,L,V,L,V,0,llama,Llama-3.3-70B-Instruct,0.07770417630481756,V,0,0.08088925689212058
30,3,6,unequal,3.6666666666666643,4,S,U,U,S,0,llama,Llama-3.3-70B-Instruct,0.513017602798489,U,1,0.7195273019295811
61,144,6,unequal,-24.666666666666664,-24,J,X,J,X,0,llama,Llama-3.3-70B-Instruct,5.4475395445282886e-05,X,0,5.4476879283584573e-05
49,100,6,unequal,4.0,4,A,F,A,A,1,llama,Llama-3.3-70B-Instruct,0.06248349112756004,F,0,2.772852899090452
194,33,6,unequal,5.0,4,A,K,A,A,1,llama,Llama-3.3-70B-Instruct,9.170198036829289e-05,K,0,9.296966582770459
209,22,6,unequal,-31.333333333333336,-32,N,S,S,N,0,llama,Llama-3.3-70B-Instruct,1.338401417521792e-10,N,0,1.338400501627783e-10
25,33,6,unequal,6.0,8,O,X,O,O,1,llama,Llama-3.3-70B-Instruct,0.9975015470400892,O,1,0.0025015793019385465
153,80,6,unequal,-20.33333333333333,-20,C,Q,Q,C,0,llama,Llama-3.3-70B-Instruct,0.9473810397811467,Q,1,2.9446787637542537
137,78,6,unequal,5.0,4,O,Q,Q,O,0,llama,Llama-3.3-70B-Instruct,3.0590233632478966e-07,O,0,3.059023831386568e-07
2,232,6,unequal,9.333333333333336,8,B,E,B,B,1,llama,Llama-3.3-70B-Instruct,1.7778613326709253e-05,E,0,10.93751432154372
125,0,6,unequal,7.0,8,Q,W,W,W,1,llama,Llama-3.3-70B-Instruct,0.9999986849934293,W,1,1.315007435367579e-06
106,142,6,unequal,-2.6666666666666643,-4,A,T,T,T,1,llama,Llama-3.3-70B-Instruct,0.0034118407639376455,A,0,5.680503319862141
17,112,6,unequal,-20.33333333333333,-20,L,V,V,L,0,llama,Llama-3.3-70B-Instruct,0.5195213368305399,L,0,0.7329724570323307
100,50,6,unequal,-23.0,-24,J,N,N,J,0,llama,Llama-3.3-70B-Instruct,0.9277135157611048,N,1,2.6271181072804946
72,135,1,equal,21.0,20,S,V,S,S,1,mistral,Mistral-Large-3,,,,
99,60,1,equal,5.5,4,F,T,F,F,1,mistral,Mistral-Large-3,,,,
84,80,1,equal,-14.0,-16,O,W,O,W,0,mistral,Mistral-Large-3,,,,
11,0,1,equal,21.0,20,P,T,P,P,1,mistral,Mistral-Large-3,,,,
72,135,1,equal,21.0,20,S,V,S,S,1,gpt,gpt-5.2,,,,
99,60,1,equal,5.5,4,F,T,F,F,1,gpt,gpt-5.2,,,,
84,80,1,equal,-14.0,-16,O,W,O,W,0,gpt,gpt-5.2,0.060086647018151605,W,0,0.061967585645595465
11,0,1,equal,21.0,20,P,T,P,P,1,gpt,gpt-5.2,0.9997965730360002,P,1,0.0002034476580711522
166,5,1,equal,-5.5,-4,Q,U,Q,U,0,gpt,gpt-5.2,0.004070137544125313,U,0,0.0040784430980978234
213,106,1,equal,33.0,32,F,I,F,F,1,gpt,gpt-5.2,0.0066928504258703106,I,0,5.006715422958813
132,63,1,equal,2.0,0,A,Z,A,Z,0,gpt,gpt-5.2,0.5,Z,0,0.6931471805599453
146,104,1,equal,-13.5,-12,A,D,A,D,0,gpt,gpt-5.2,0.00020342706095205872,D,0,0.00020344775504321398
41,44,1,equal,18.5,20,I,T,I,I,1,gpt,gpt-5.2,0.6791786926816161,I,1,0.3868710156761198
83,91,1,equal,6.0,8,H,L,H,H,1,gpt,gpt-5.2,0.37754066879814546,L,0,0.9740769841801066
60,6,1,equal,10.5,12,O,T,O,O,1,gpt,gpt-5.2,0.008577484938518877,T,0,4.758614539162226
141,25,1,equal,25.0,24,N,Z,N,N,1,gpt,gpt-5.2,0.998073265041165,N,1,0.001928593500297366
80,33,1,equal,11.0,12,H,S,H,H,1,gpt,gpt-5.2,0.9968273173217218,H,1,0.003177726306680296
8,146,1,equal,2.5,4,F,G,F,F,1,gpt,gpt-5.2,0.817574478416099,G,0,0.20141327526440028
167,59,1,equal,31.0,32,B,P,B,B,1,gpt,gpt-5.2,0.3208212943308302,P,0,1.1368710263560027
103,20,1,equal,-14.0,-16,O,R,O,R,0,gpt,gpt-5.2,0.0019267347799633667,R,0,0.0019285933210804783
96,108,1,equal,-25.0,-24,B,J,B,J,0,gpt,gpt-5.2,7.484625065235755e-05,J,0,7.484905177273764e-05
160,139,1,equal,-26.0,-24,H,O,H,O,0,gpt,gpt-5.2,0.0031726821959663252,O,0,0.003177725822833346
24,286,1,equal,-26.0,-24,A,M,A,M,0,gpt,gpt-5.2,0.9990889487170667,A,1,7.000911369277386
180,104,1,equal,-13.5,-12,D,L,D,D,1,gpt,gpt-5.2,0.014063627275689756,L,0,4.2641634404034585
110,64,1,equal,42.5,44,I,T,I,I,1,gpt,gpt-5.2,0.7310585844894971,I,1,0.3132616795031439
176,120,1,equal,23.0,24,C,H,C,C,1,gpt,gpt-5.2,0.9995694429333052,C,1,0.00043064978300271764
20,144,1,equal,-2.0,0,K,V,K,V,0,gpt,gpt-5.2,0.0953494552590334,V,0,0.1002065482606146
145,34,1,equal,-27.0,-28,J,R,J,R,0,gpt,gpt-5.2,0.9770226300899744,J,1,3.773245464372425
192,139,1,equal,26.0,24,L,V,L,L,1,gpt,gpt-5.2,0.9998766054752941,L,1,0.00012340213843658733
194,93,1,equal,31.0,32,A,K,A,A,1,gpt,gpt-5.2,0.6224593241981982,A,1,0.4740769954316955
81,49,1,equal,29.5,28,G,K,G,G,1,gpt,gpt-5.2,0.880797071719777,G,1,0.1269280181480205
11,145,1,equal,8.0,8,P,T,P,T,0,gpt,gpt-5.2,0.1824255304737224,T,0,0.201413286137809
184,157,1,equal,-4.0,-4,L,V,L,V,0,gpt,gpt-5.2,0.9992903295745635,L,1,7.2507098852242065
202,52,1,equal,-25.0,-24,G,L,G,L,0,gpt,gpt-5.2,0.0019267344502039453,L,0,0.001928592990684451
129,98,1,equal,33.0,32,Q,Z,Q,Q,1,gpt,gpt-5.2,0.9859363718978416,Q,1,0.014163458005522527
134,103,1,equal,42.5,44,A,X,A,A,1,gpt,gpt-5.2,0.904650527388829,A,1,0.10020656744165404
154,128,1,equal,5.5,4,G,R,G,R,0,gpt,gpt-5.2,0.9820137916828761,G,1,4.018150019374971
84,101,1,equal,-3.5,-4,O,W,O,W,0,gpt,gpt-5.2,0.0024726229320917166,W,0,0.0024756849126308057
214,4,1,equal,26.0,24,C,V,C,C,1,gpt,gpt-5.2,0.99682731660304,C,1,0.0031777270276494834
150,63,1,equal,2.0,0,D,V,D,D,1,gpt,gpt-5.2,0.8519527982093666,D,1,0.1602241548502376
7,288,1,equal,8.0,8,J,M,J,J,1,gpt,gpt-5.2,0.7772998611746911,J,1,0.251929081345373
161,20,1,equal,-14.0,-16,R,T,R,T,0,gpt,gpt-5.2,0.14804719615221756,T,0,0.160224148232012
82,125,1,equal,-6.5,-8,F,S,F,S,0,gpt,gpt-5.2,0.998498817795438,F,1,6.501502344915682
185,103,1,equal,42.5,44,C,D,C,D,0,gpt,gpt-5.2,0.010986940788759695,D,0,0.01104774298629944
108,3,1,equal,13.0,12,G,V,G,G,1,gpt,gpt-5.2,0.9988304899574236,G,1,0.0011701944531149187
29,44,1,equal,-34.0,-32,M,V,M,V,0,gpt,gpt-5.2,0.0953494648991095,V,0,0.10020655891674717
10,181,1,equal,8.5,8,D,L,D,D,1,gpt,gpt-5.2,0.9975273770679083,D,1,0.0024756849126308057
166,75,1,equal,-11.0,-12,Q,U,Q,U,0,gpt,gpt-5.2,0.9996646498271602,Q,1,8.000335280017348
164,8,1,equal,32.0,32,F,G,F,G,0,gpt,gpt-5.2,0.5621765008857982,F,1,0.8259394198788435
22,195,1,equal,23.0,24,G,Y,G,G,1,gpt,gpt-5.2,0.994779873438336,G,1,0.005233799024404076
64,31,1,equal,11.5,12,F,X,F,X,0,gpt,gpt-5.2,0.9994472213537505,F,1,7.50055291460447
15,255,1,equal,-20.5,-20,I,S,I,S,0,gpt,gpt-5.2,0.005220125572652333,S,0,0.005233798030202568
11,203,1,equal,2.0,0,P,T,P,P,1,gpt,gpt-5.2,0.9820137924724605,P,1,0.018149925438667353
178,3,1,equal,-13.0,-12,U,V,U,U,1,gpt,gpt-5.2,0.0019267349657748783,V,0,6.251928436230151
111,82,1,unequal,-6.666666666666671,-8,A,K,K,K,1,gpt,gpt-5.2,0.00015843626571568163,A,0,8.750158154563788
89,148,1,unequal,16.0,16,L,S,S,L,0,gpt,gpt-5.2,0.7772998560157665,L,0,1.501929058180032
178,89,1,unequal,29.333333333333332,28,U,V,V,V,1,gpt,gpt-5.2,0.0011695103345462465,U,0,6.751170135257198
184,95,1,unequal,33.333333333333336,32,L,V,V,V,1,gpt,gpt-5.2,0.0007096705042793319,L,0,7.250709774126473
138,65,1,unequal,-12.333333333333336,-12,L,Q,Q,L,0,gpt,gpt-5.2,0.014063629600132792,L,0,0.014163459524864285
75,26,1,unequal,-1.6666666666666643,0,L,W,W,L,0,gpt,gpt-5.2,0.00043055711603267997,L,0,0.0004306498323618367
48,8,1,unequal,-5.333333333333329,-4,K,X,X,K,0,gpt,gpt-5.2,0.5621765008857981,X,1,0.8259394198788436
58,72,1,unequal,6.333333333333336,8,L,X,L,L,1,gpt,gpt-5.2,0.0011695104691760519,X,0,6.751170020140816
219,12,1,unequal,-6.666666666666664,-8,I,P,I,I,1,gpt,gpt-5.2,0.000430557013336396,P,0,7.7504308077052135
82,38,1,unequal,26.0,24,F,S,F,F,1,gpt,gpt-5.2,0.0001233946129320986,S,0,9.000123102777362
165,149,1,unequal,-6.0,-8,O,Z,O,Z,0,gpt,gpt-5.2,0.9988304896655897,O,1,6.751170135373476
0,293,1,unequal,-16.0,-16,A,C,C,A,0,gpt,gpt-5.2,5.8291290520192804e-05,A,0,5.829298952345189e-05
112,147,1,unequal,-4.0,-4,E,R,E,R,0,gpt,gpt-5.2,0.0011695102986449678,R,0,0.001170194709483355
167,65,1,unequal,-12.333333333333336,-12,B,P,B,P,0,gpt,gpt-5.2,0.37754066879814546,B,1,0.47407698418010663
165,122,1,unequal,3.6666666666666643,4,O,Z,O,Z,0,gpt,gpt-5.2,0.5,O,1,0.6931471805599453
30,153,1,unequal,0.3333333333333357,0,S,U,S,S,1,gpt,gpt-5.2,0.0005527785101239684,U,0,7.500553160861298
137,44,1,unequal,9.0,8,O,Q,Q,O,0,gpt,gpt-5.2,0.32082129433083023,Q,1,0.3868709965536802
11,65,1,unequal,29.666666666666664,28,P,T,P,P,1,gpt,gpt-5.2,0.006692850497072387,T,0,5.006715412320284
89,157,1,unequal,-15.666666666666664,-16,L,S,L,S,0,gpt,gpt-5.2,0.001501182377664296,S,0,0.0015023102808633777
130,19,1,unequal,12.333333333333336,12,C,K,C,K,0,gpt,gpt-5.2,0.0015011820030165312,K,0,0.0015023099056523602
122,66,1,unequal,-13.333333333333329,-12,F,L,F,L,0,gpt,gpt-5.2,0.8175744673038222,L,0,1.7014132292515165
162,65,1,unequal,-12.333333333333336,-12,J,L,L,J,0,gpt,gpt-5.2,0.5,L,1,0.6931471805599453
113,96,1,unequal,-22.0,-24,T,Y,Y,T,0,gpt,gpt-5.2,9.610245653376433e-05,T,0,9.610707467064101e-05
41,2,1,unequal,-18.0,-16,I,T,T,T,1,gpt,gpt-5.2,0.0009110512792245846,I,0,7.0009113733482105
4,179,1,unequal,31.666666666666664,32,T,V,T,T,1,gpt,gpt-5.2,0.008577486372018168,V,0,4.758614372038741
17,97,1,unequal,17.333333333333332,16,L,V,V,V,1,gpt,gpt-5.2,0.6224593312018546,L,0,0.47407698418010663
81,100,1,unequal,-5.333333333333336,-4,G,K,G,K,0,gpt,gpt-5.2,0.00020342701145781853,K,0,0.0002034477055388459
176,124,1,unequal,-4.0,-4,C,H,C,H,0,gpt,gpt-5.2,0.00015843626570185052,H,0,0.000158448818052883
171,120,1,unequal,-4.0,-4,F,S,F,F,1,gpt,gpt-5.2,0.00522012485930661,S,0,5.255233957966258
17,90,1,unequal,-11.333333333333329,-12,L,V,L,V,0,gpt,gpt-5.2,0.9046505344582187,L,1,2.3502065521765756
110,12,1,unequal,-6.666666666666664,-8,I,T,T,I,0,gpt,gpt-5.2,0.001501182545008158,I,0,0.0015023104484587744
26,157,1,unequal,25.333333333333336,24,E,O,E,E,1,gpt,gpt-5.2,0.0031726825368982386,O,0,5.753177822789567
147,31,1,unequal,16.666666666666664,16,I,O,I,I,1,gpt,gpt-5.2,0.0002611903888453466,O,0,8.25026095739004
9,256,1,unequal,12.666666666666668,12,O,X,O,O,1,gpt,gpt-5.2,0.0009110514016126679,X,0,7.000911239011013
169,147,1,unequal,-4.0,-4,C,Q,Q,C,0,gpt,gpt-5.2,0.00043055716929096496,C,0,0.00043064988564306395
86,129,1,unequal,-4.666666666666671,-4,G,M,G,M,0,gpt,gpt-5.2,0.0001233946276346823,M,0,0.00012340224137806637
97,163,1,unequal,-3.6666666666666643,-4,K,Q,Q,Q,1,gpt,gpt-5.2,0.0004305570665821428,K,0,7.750430684038099
184,90,1,unequal,-2.0,0,L,V,V,L,0,gpt,gpt-5.2,0.0019267347293689101,L,0,0.0019285932703883906
3,228,1,unequal,20.333333333333336,20,C,S,C,C,1,gpt,gpt-5.2,0.004070137089215825,S,0,5.504078597240877
112,158,1,unequal,-34.33333333333333,-36,E,R,E,R,0,gpt,gpt-5.2,0.00020342698820976574,R,0,0.00020344768228604552
14,59,1,unequal,6.0,8,J,L,J,L,0,gpt,gpt-5.2,0.851952809486198,J,1,1.9102242012184318
134,147,1,unequal,-4.0,-4,A,X,X,X,1,gpt,gpt-5.2,0.00015843615238817665,A,0,8.750158869851699
169,124,1,unequal,4.0,4,C,Q,Q,C,0,gpt,gpt-5.2,0.0011695101908051483,C,0,0.0011701946015172393
115,44,1,unequal,9.0,8,P,R,R,R,1,gpt,gpt-5.2,0.18242552602881165,P,0,1.7014132657999435
33,114,1,unequal,-36.0,-36,Q,Z,Z,Q,0,gpt,gpt-5.2,2.260324735123254e-06,Q,0,2.2603272896971615e-06
4,90,1,unequal,28.0,28,T,V,V,T,0,gpt,gpt-5.2,0.9706877713155612,V,1,3.529750488786448
41,15,1,unequal,2.6666666666666643,4,I,T,T,T,1,gpt,gpt-5.2,0.18242552602881168,I,0,1.7014132657999432
110,65,1,unequal,-12.333333333333336,-12,I,T,I,T,0,gpt,gpt-5.2,0.017986207560438873,T,0,0.018149925472169162
216,82,1,unequal,-6.666666666666671,-8,A,Z,A,Z,0,gpt,gpt-5.2,0.0005527787121415532,Z,0,0.0005529315506203427
24,224,1,unequal,-27.33333333333333,-28,A,M,M,A,0,gpt,gpt-5.2,4.539788821016717e-05,A,0,4.539891872554607e-05
151,76,6,equal,29.5,28,H,U,H,H,1,gpt,gpt-5.2,0.5621765008857981,U,0,0.5759394198788437
25,3,6,equal,-11.5,-12,O,X,O,X,0,gpt,gpt-5.2,0.32082130731838393,O,1,0.3868710156761198
84,8,6,equal,20.0,20,O,W,O,O,1,gpt,gpt-5.2,0.9959298613856103,O,1,0.004078444172736183
160,141,6,equal,10.0,8,H,O,H,O,0,gpt,gpt-5.2,0.9984988176223357,H,1,6.5015022296050455
21,297,6,equal,28.0,28,Q,Y,Q,Q,1,gpt,gpt-5.2,0.9626731085061155,Q,1,0.0380413759984416
212,54,6,equal,-14.5,-16,P,R,P,R,0,gpt,gpt-5.2,0.0031726826547148904,R,0,0.003177726283042037
137,53,6,equal,2.0,0,O,Q,O,Q,0,gpt,gpt-5.2,0.022977370620885475,Q,0,0.023245465100002687
84,88,6,equal,17.5,16,O,W,O,W,0,gpt,gpt-5.2,0.9990889486122155,O,1,7.000911254189372
128,62,6,equal,1.5,0,D,O,D,D,1,gpt,gpt-5.2,0.998073265219589,D,1,0.0019285933215289844
145,131,6,equal,6.0,8,J,R,J,R,0,gpt,gpt-5.2,0.9968273164962687,J,1,5.753177518052842
150,30,6,equal,-15.0,-16,D,V,D,V,0,gpt,gpt-5.2,0.0007096705071688579,V,0,0.0007099224424843244
117,131,6,equal,-15.0,-16,D,V,D,D,1,gpt,gpt-5.2,0.9990889489341863,D,1,0.0009114663250700271
37,31,6,equal,-0.5,0,U,Y,U,Y,0,gpt,gpt-5.2,0.9980732652410804,U,1,6.251928543590654
95,19,6,equal,-13.5,-12,O,U,O,U,0,gpt,gpt-5.2,0.0019267346798938012,U,0,0.0019285932208176794
76,127,6,equal,27.0,28,G,X,G,G,1,gpt,gpt-5.2,0.989013058482603,G,1,0.01104774372303113
196,42,6,equal,5.0,4,B,O,B,B,1,gpt,gpt-5.2,0.9998766053870445,B,1,0.00012340222669710802
48,49,6,equal,-3.0,-4,K,X,K,X,0,gpt,gpt-5.2,0.7310585903489891,X,0,1.3132617310927102
49,11,6,equal,25.0,24,A,F,A,A,1,gpt,gpt-5.2,0.9525741261492485,A,1,0.04858735228044265
2,122,6,equal,-8.0,-8,B,E,B,E,0,gpt,gpt-5.2,0.09534947004048375,B,1,0.10020656460001837
210,57,6,equal,23.0,24,H,T,H,H,1,gpt,gpt-5.2,0.4378234991142019,T,0,0.8259394198788436
155,25,6,equal,16.0,16,M,R,M,M,1,gpt,gpt-5.2,0.26894142136999516,R,0,1.3132616875182226
147,30,6,equal,-15.0,-16,I,O,I,O,0,gpt,gpt-5.2,0.0001233945393743213,O,0,0.00012340215310677516
165,57,6,equal,23.0,24,O,Z,O,Z,0,gpt,gpt-5.2,0.09534946040040722,Z,0,0.10020655394388514
151,36,6,equal,-1.5,0,H,U,H,H,1,gpt,gpt-5.2,0.9914225132874268,H,1,0.008614485072274115
128,154,6,equal,37.0,36,D,O,D,D,1,gpt,gpt-5.2,0.9994472212857038,D,1,0.0005529315527761442
197,40,6,equal,-15.0,-16,C,F,C,F,0,gpt,gpt-5.2,0.00033535001297631327,F,0,0.0003354062553661204
56,4,6,equal,-29.5,-28,H,V,H,V,0,gpt,gpt-5.2,0.8519527963298946,H,1,1.9102241123528294
134,17,6,equal,-16.0,-16,A,X,A,X,0,gpt,gpt-5.2,0.9770226293372992,A,1,3.7732454316151887
39,119,6,equal,-12.0,-12,I,P,I,I,1,gpt,gpt-5.2,0.0024726231796059323,P,0,6.002475675847533
9,266,6,equal,-1.0,0,O,X,O,X,0,gpt,gpt-5.2,0.8807970779778824,O,1,2.1269280110429722
160,148,6,equal,12.0,12,H,O,H,O,0,gpt,gpt-5.2,0.999290329659144,H,1,7.250710004407063
11,245,6,equal,-2.5,-4,P,T,P,P,1,gpt,gpt-5.2,0.6791786926816161,P,1,0.3868710156761198
11,299,6,equal,-12.0,-12,P,T,P,T,0,gpt,gpt-5.2,0.00407013858418827,T,0,0.004078444142411359
185,15,6,equal,-23.0,-24,C,D,C,C,1,gpt,gpt-5.2,0.11920291419948607,D,0,2.126928076667469
87,128,6,equal,-11.5,-12,Q,Y,Q,Q,1,gpt,gpt-5.2,0.0019267342926000055,Y,0,6.251928785616549
37,139,6,equal,20.5,20,U,Y,U,Y,0,gpt,gpt-5.2,0.9984988178123643,U,1,6.501502356191017
17,101,6,equal,-3.5,-4,L,V,L,V,0,gpt,gpt-5.2,0.9890130575009664,L,1,4.511047756822766
108,58,6,equal,2.5,4,G,V,G,V,0,gpt,gpt-5.2,0.9933071481408008,G,1,5.006715208800623
15,262,6,equal,-43.0,-44,I,S,I,S,0,gpt,gpt-5.2,0.0004305570153279446,S,0,0.0004306497316137921
38,48,6,equal,-19.5,-20,L,P,L,P,0,gpt,gpt-5.2,0.008577486332418737,P,0,0.00861448468883067
95,58,6,equal,2.5,4,O,U,O,O,1,gpt,gpt-5.2,0.952574124634583,O,1,0.04858735387051891
173,26,6,equal,18.5,20,C,Q,C,Q,0,gpt,gpt-5.2,0.9988304896654538,C,1,6.751170135257197
86,13,6,equal,-7.0,-8,G,M,G,G,1,gpt,gpt-5.2,0.01798621203475098,M,0,4.018149812681787
116,57,6,equal,-23.0,-24,C,N,C,N,0,gpt,gpt-5.2,0.7310585669110202,N,0,1.3132616439437363
168,1,6,equal,-8.0,-8,I,Y,I,I,1,gpt,gpt-5.2,0.0953494616857507,Y,0,2.350206592617606
10,129,6,equal,-20.5,-20,D,L,D,L,0,gpt,gpt-5.2,0.022977371039038345,L,0,0.023245465527989544
85,172,6,equal,-18.0,-16,F,S,F,F,1,gpt,gpt-5.2,0.000911051184599004,S,0,7.000911477212381
161,121,6,equal,-5.0,-4,R,T,R,T,0,gpt,gpt-5.2,0.11920291263495983,T,0,0.12692800038540109
62,102,6,equal,16.0,16,G,S,G,G,1,gpt,gpt-5.2,0.7772998663336158,G,1,0.2519290747083916
80,97,6,equal,19.5,20,H,S,H,S,0,gpt,gpt-5.2,0.679178699175393,H,1,1.1368710061148999
13,103,6,unequal,32.333333333333336,32,B,Y,Y,Y,1,gpt,gpt-5.2,0.0015011825561760492,B,0,6.501502110690951
218,130,6,unequal,3.6666666666666643,4,L,X,X,X,1,gpt,gpt-5.2,0.0019267345581089228,L,0,6.251928647813999
44,134,6,unequal,-6.0,-8,F,O,F,F,1,gpt,gpt-5.2,2.7535699690767978e-05,O,0,10.50002722461325
214,34,6,unequal,-15.666666666666671,-16,C,V,C,V,0,gpt,gpt-5.2,0.0002034269639287978,V,0,0.0002034476580001945
51,65,6,unequal,4.0,4,J,R,R,J,0,gpt,gpt-5.2,0.005220125284895911,J,0,0.005233797740936076
135,142,6,unequal,-2.6666666666666643,-4,M,T,T,T,1,gpt,gpt-5.2,0.0001233945394066386,M,0,9.00012369863386
1,56,6,unequal,13.333333333333336,12,B,U,U,U,1,gpt,gpt-5.2,0.0004305570152778428,B,0,7.750430803196061
50,131,6,unequal,2.6666666666666643,4,F,I,F,F,1,gpt,gpt-5.2,7.48462238850825e-05,I,0,9.500074897468329
199,97,6,unequal,-2.6666666666666643,-4,B,Z,Z,B,0,gpt,gpt-5.2,5.829126285614094e-05,B,0,5.829296185785701e-05
52,16,6,unequal,3.6666666666666643,4,D,N,N,N,1,gpt,gpt-5.2,0.005220126464939153,D,0,5.2552336503812205
13,136,6,unequal,-24.333333333333336,-24,B,Y,Y,B,0,gpt,gpt-5.2,5.8291248983406356e-05,B,0,5.8292947984256494e-05
42,138,6,unequal,4.333333333333332,4,Q,R,Q,Q,1,gpt,gpt-5.2,0.0003353501328275996,R,0,8.000335399332132
178,73,6,unequal,32.33333333333333,32,U,V,V,V,1,gpt,gpt-5.2,1.6701425067379527e-05,U,0,11.000016508806231
211,97,6,unequal,-2.6666666666666643,-4,M,T,M,T,0,gpt,gpt-5.2,0.003172683314488225,T,0,0.0031777269449151865
163,13,6,unequal,-2.0,0,F,L,L,F,0,gpt,gpt-5.2,0.000335350052881206,F,0,0.0003354062952844752
130,34,6,unequal,-15.666666666666671,-16,C,K,C,C,1,gpt,gpt-5.2,0.00015843626571568163,K,0,8.750158154563788
86,119,6,unequal,-19.0,-20,G,M,M,G,0,gpt,gpt-5.2,0.998498817494952,M,1,6.501502144749436
176,158,6,unequal,11.333333333333336,12,C,H,H,C,0,gpt,gpt-5.2,0.970687770520593,H,1,3.5297504616657456
64,26,6,unequal,6.666666666666664,8,F,X,F,F,1,gpt,gpt-5.2,0.06008664491424768,X,0,2.811967676539451
108,39,6,unequal,-2.0,0,G,V,G,G,1,gpt,gpt-5.2,0.0009110511744794716,V,0,7.0009114883199155
14,229,6,unequal,11.666666666666664,12,J,L,L,L,1,gpt,gpt-5.2,5.82912628822231e-05,J,0,9.750058340637596
127,18,6,unequal,-32.66666666666667,-32,L,Z,Z,L,0,gpt,gpt-5.2,3.535624488306995e-05,L,0,3.53568699298037e-05
152,108,6,unequal,14.0,16,N,V,V,V,1,gpt,gpt-5.2,0.06008664470385729,N,0,2.811967680040901
36,110,6,unequal,-11.0,-12,C,T,C,T,0,gpt,gpt-5.2,0.18242552158390102,T,0,0.20141327526440028
109,125,6,unequal,-7.0,-8,Q,Y,Q,Y,0,gpt,gpt-5.2,0.0001584361523950922,Y,0,0.00015844870472811985
33,49,6,unequal,0.6666666666666643,0,Q,Z,Q,Z,0,gpt,gpt-5.2,0.9706877671287282,Q,1,3.529750345950746
31,86,6,unequal,26.0,24,N,T,N,N,1,gpt,gpt-5.2,0.014063624215173674,T,0,4.264163658022737
205,22,6,unequal,-31.333333333333336,-32,M,P,M,P,0,gpt,gpt-5.2,1.3007132523564025e-05,P,0,1.3007217117094309e-05
81,54,6,unequal,-9.333333333333336,-8,G,K,G,K,0,gpt,gpt-5.2,7.484620596872193e-05,K,0,7.484900708580284e-05
47,80,6,unequal,24.333333333333336,24,Y,Z,Z,Z,1,gpt,gpt-5.2,0.9859363724143845,Z,1,0.014163457481611519
139,13,6,unequal,-2.0,0,K,Y,K,K,1,gpt,gpt-5.2,0.001169510329922597,Y,0,6.751170139210689
42,21,6,unequal,-8.0,-8,Q,R,R,R,1,gpt,gpt-5.2,0.0002611904199583374,Q,0,8.250260838270078
173,28,6,unequal,-7.0,-8,C,Q,C,Q,0,gpt,gpt-5.2,4.5397871976017724e-05,Q,0,4.5398902490572855e-05
4,228,6,unequal,30.666666666666668,32,T,V,T,T,1,gpt,gpt-5.2,0.9988304898181701,T,1,0.0011701945925314654
197,78,6,unequal,5.0,4,C,F,C,C,1,gpt,gpt-5.2,9.610243365901557e-05,F,0,9.250095918073347
110,35,6,unequal,13.0,12,I,T,T,T,1,gpt,gpt-5.2,0.43782349911420193,I,0,0.8259394198788435
17,163,6,unequal,-13.0,-12,L,V,L,V,0,gpt,gpt-5.2,0.00012339453927916484,V,0,0.00012340215301161731
30,3,6,unequal,3.6666666666666643,4,S,U,U,S,0,gpt,gpt-5.2,0.0066928502494129965,S,0,0.006715347809698981
61,144,6,unequal,-24.666666666666664,-24,J,X,J,X,0,gpt,gpt-5.2,1.0129995352177196e-05,X,0,1.013004666096435e-05
49,100,6,unequal,4.0,4,A,F,A,A,1,gpt,gpt-5.2,0.0019267347586957853,F,0,6.251928543706844
194,33,6,unequal,5.0,4,A,K,A,A,1,gpt,gpt-5.2,9.610245654215438e-05,K,0,9.250095679961415
209,22,6,unequal,-31.333333333333336,-32,N,S,S,N,0,gpt,gpt-5.2,0.0001233945540984411,N,0,0.00012340216783281413
25,33,6,unequal,6.0,8,O,X,O,O,1,gpt,gpt-5.2,0.00026119020215228077,X,0,8.250261672167998
153,80,6,unequal,-20.33333333333333,-20,C,Q,Q,C,0,gpt,gpt-5.2,0.03732689122615832,C,0,0.03804137572033456
137,78,6,unequal,5.0,4,O,Q,Q,O,0,gpt,gpt-5.2,0.00043055711794907626,O,0,0.0004306498342791292
2,232,6,unequal,9.333333333333336,8,B,E,B,B,1,gpt,gpt-5.2,2.75356799946975e-05,E,0,10.50002793990568
125,0,6,unequal,7.0,8,Q,W,W,W,1,gpt,gpt-5.2,0.9999999748899935,W,1,2.5110006833759034e-08
106,142,6,unequal,-2.6666666666666643,-4,A,T,T,T,1,gpt,gpt-5.2,0.0007096702534685073,A,0,7.250710127545232
17,112,6,unequal,-20.33333333333333,-20,L,V,V,L,0,gpt,gpt-5.2,3.53562617408775e-05,L,0,3.5356886788248205e-05
100,50,6,unequal,-23.0,-24,J,N,N,J,0,gpt,gpt-5.2,0.6224593312018546,N,1,0.9740769841801066
